<adapter>
    <configure i2c="1" spi="1" gpio="0" tpower="1" pullups="1"/>
    <i2c_bitrate khz="100"/>
    <i2c_write addr="0x50" count="2" radix="16">00 00</i2c_write>
    <sleep ms="10"/>
    <i2c_write addr="0x50" count="2" radix="16">01 01</i2c_write>
    <sleep ms="10"/>
    <i2c_write addr="0x50" count="2" radix="16">02 02</i2c_write>
    <sleep ms="10"/>
    <i2c_write addr="0x50" count="2" radix="16">03 03</i2c_write>
    <sleep ms="10"/>
    <i2c_write addr="0x50" count="2" radix="16">04 04</i2c_write>
    <sleep ms="10"/>
    <i2c_write addr="0x50" count="2" radix="16">05 05</i2c_write>
    <sleep ms="10"/>
    <i2c_write addr="0x50" count="2" radix="16">06 06</i2c_write>
    <sleep ms="10"/>
    <i2c_write addr="0x50" count="2" radix="16">07 07</i2c_write>
    <sleep ms="10"/>
    <i2c_write addr="0x50" count="2" radix="16">08 08</i2c_write>
    <sleep ms="10"/>
    <i2c_write addr="0x50" count="2" radix="16">09 09</i2c_write>
    <sleep ms="10"/>
    <i2c_write addr="0x50" count="2" radix="16">0A 0A</i2c_write>
    <sleep ms="10"/>
    <i2c_write addr="0x50" count="2" radix="16">0B 0B</i2c_write>
    <sleep ms="10"/>
    <i2c_write addr="0x50" count="2" radix="16">0C 0C</i2c_write>
    <sleep ms="10"/>
    <i2c_write addr="0x50" count="2" radix="16">0D 0D</i2c_write>
    <sleep ms="10"/>
    <i2c_write addr="0x50" count="2" radix="16">0E 0E</i2c_write>
    <sleep ms="10"/>
    <i2c_write addr="0x50" count="2" radix="16">0F 0F</i2c_write>
    <sleep ms="10"/>
    <i2c_write addr="0x50" count="2" radix="16">10 10</i2c_write>
    <sleep ms="10"/>
    <i2c_write addr="0x50" count="2" radix="16">11 11</i2c_write>
    <sleep ms="10"/>
    <i2c_write addr="0x50" count="2" radix="16">12 12</i2c_write>
    <sleep ms="10"/>
    <i2c_write addr="0x50" count="2" radix="16">13 13</i2c_write>
    <sleep ms="10"/>
    <i2c_write addr="0x50" count="2" radix="16">14 14</i2c_write>
    <sleep ms="10"/>
    <i2c_write addr="0x50" count="2" radix="16">15 15</i2c_write>
    <sleep ms="10"/>
    <i2c_write addr="0x50" count="2" radix="16">16 16</i2c_write>
    <sleep ms="10"/>
    <i2c_write addr="0x50" count="2" radix="16">17 17</i2c_write>
    <sleep ms="10"/>
    <i2c_write addr="0x50" count="2" radix="16">18 18</i2c_write>
    <sleep ms="10"/>
    <i2c_write addr="0x50" count="2" radix="16">19 19</i2c_write>
    <sleep ms="10"/>
    <i2c_write addr="0x50" count="2" radix="16">1A 1A</i2c_write>
    <sleep ms="10"/>
    <i2c_write addr="0x50" count="2" radix="16">1B 1B</i2c_write>
    <sleep ms="10"/>
    <i2c_write addr="0x50" count="2" radix="16">1C 1C</i2c_write>
    <sleep ms="10"/>
    <i2c_write addr="0x50" count="2" radix="16">1D 1D</i2c_write>
    <sleep ms="10"/>
    <i2c_write addr="0x50" count="2" radix="16">1E 1E</i2c_write>
    <sleep ms="10"/>
    <i2c_write addr="0x50" count="2" radix="16">1F 1F</i2c_write>
    <sleep ms="10"/>
    <i2c_write addr="0x50" count="2" radix="16">20 20</i2c_write>
    <sleep ms="10"/>
    <i2c_write addr="0x50" count="2" radix="16">21 21</i2c_write>
    <sleep ms="10"/>
    <i2c_write addr="0x50" count="2" radix="16">22 22</i2c_write>
    <sleep ms="10"/>
    <i2c_write addr="0x50" count="2" radix="16">23 23</i2c_write>
    <sleep ms="10"/>
    <i2c_write addr="0x50" count="2" radix="16">24 24</i2c_write>
    <sleep ms="10"/>
    <i2c_write addr="0x50" count="2" radix="16">25 25</i2c_write>
    <sleep ms="10"/>
    <i2c_write addr="0x50" count="2" radix="16">26 26</i2c_write>
    <sleep ms="10"/>
    <i2c_write addr="0x50" count="2" radix="16">27 27</i2c_write>
    <sleep ms="10"/>
    <i2c_write addr="0x50" count="2" radix="16">28 28</i2c_write>
    <sleep ms="10"/>
    <i2c_write addr="0x50" count="2" radix="16">29 29</i2c_write>
    <sleep ms="10"/>
    <i2c_write addr="0x50" count="2" radix="16">2A 2A</i2c_write>
    <sleep ms="10"/>
    <i2c_write addr="0x50" count="2" radix="16">2B 2B</i2c_write>
    <sleep ms="10"/>
    <i2c_write addr="0x50" count="2" radix="16">2C 2C</i2c_write>
    <sleep ms="10"/>
    <i2c_write addr="0x50" count="2" radix="16">2D 2D</i2c_write>
    <sleep ms="10"/>
    <i2c_write addr="0x50" count="2" radix="16">2E 2E</i2c_write>
    <sleep ms="10"/>
    <i2c_write addr="0x50" count="2" radix="16">2F 2F</i2c_write>
    <sleep ms="10"/>
    <i2c_write addr="0x50" count="2" radix="16">30 30</i2c_write>
    <sleep ms="10"/>
    <i2c_write addr="0x50" count="2" radix="16">31 31</i2c_write>
    <sleep ms="10"/>
    <i2c_write addr="0x50" count="2" radix="16">32 32</i2c_write>
    <sleep ms="10"/>
    <i2c_write addr="0x50" count="2" radix="16">33 33</i2c_write>
    <sleep ms="10"/>
    <i2c_write addr="0x50" count="2" radix="16">34 34</i2c_write>
    <sleep ms="10"/>
    <i2c_write addr="0x50" count="2" radix="16">35 35</i2c_write>
    <sleep ms="10"/>
    <i2c_write addr="0x50" count="2" radix="16">36 36</i2c_write>
    <sleep ms="10"/>
    <i2c_write addr="0x50" count="2" radix="16">37 37</i2c_write>
    <sleep ms="10"/>
    <i2c_write addr="0x50" count="2" radix="16">38 38</i2c_write>
    <sleep ms="10"/>
    <i2c_write addr="0x50" count="2" radix="16">39 39</i2c_write>
    <sleep ms="10"/>
    <i2c_write addr="0x50" count="2" radix="16">3A 3A</i2c_write>
    <sleep ms="10"/>
    <i2c_write addr="0x50" count="2" radix="16">3B 3B</i2c_write>
    <sleep ms="10"/>
    <i2c_write addr="0x50" count="2" radix="16">3C 3C</i2c_write>
    <sleep ms="10"/>
    <i2c_write addr="0x50" count="2" radix="16">3D 3D</i2c_write>
    <sleep ms="10"/>
    <i2c_write addr="0x50" count="2" radix="16">3E 3E</i2c_write>
    <sleep ms="10"/>
    <i2c_write addr="0x50" count="2" radix="16">3F 3F</i2c_write>
    <sleep ms="10"/>
    <i2c_write addr="0x50" count="2" radix="16">40 40</i2c_write>
    <sleep ms="10"/>
    <i2c_write addr="0x50" count="2" radix="16">41 41</i2c_write>
    <sleep ms="10"/>
    <i2c_write addr="0x50" count="2" radix="16">42 42</i2c_write>
    <sleep ms="10"/>
    <i2c_write addr="0x50" count="2" radix="16">43 43</i2c_write>
    <sleep ms="10"/>
    <i2c_write addr="0x50" count="2" radix="16">44 44</i2c_write>
    <sleep ms="10"/>
    <i2c_write addr="0x50" count="2" radix="16">45 45</i2c_write>
    <sleep ms="10"/>
    <i2c_write addr="0x50" count="2" radix="16">46 46</i2c_write>
    <sleep ms="10"/>
    <i2c_write addr="0x50" count="2" radix="16">47 47</i2c_write>
    <sleep ms="10"/>
    <i2c_write addr="0x50" count="2" radix="16">48 48</i2c_write>
    <sleep ms="10"/>
    <i2c_write addr="0x50" count="2" radix="16">49 49</i2c_write>
    <sleep ms="10"/>
    <i2c_write addr="0x50" count="2" radix="16">4A 4A</i2c_write>
    <sleep ms="10"/>
    <i2c_write addr="0x50" count="2" radix="16">4B 4B</i2c_write>
    <sleep ms="10"/>
    <i2c_write addr="0x50" count="2" radix="16">4C 4C</i2c_write>
    <sleep ms="10"/>
    <i2c_write addr="0x50" count="2" radix="16">4D 4D</i2c_write>
    <sleep ms="10"/>
    <i2c_write addr="0x50" count="2" radix="16">4E 4E</i2c_write>
    <sleep ms="10"/>
    <i2c_write addr="0x50" count="2" radix="16">4F 4F</i2c_write>
    <sleep ms="10"/>
    <i2c_write addr="0x50" count="2" radix="16">50 50</i2c_write>
    <sleep ms="10"/>
    <i2c_write addr="0x50" count="2" radix="16">51 51</i2c_write>
    <sleep ms="10"/>
    <i2c_write addr="0x50" count="2" radix="16">52 52</i2c_write>
    <sleep ms="10"/>
    <i2c_write addr="0x50" count="2" radix="16">53 53</i2c_write>
    <sleep ms="10"/>
    <i2c_write addr="0x50" count="2" radix="16">54 54</i2c_write>
    <sleep ms="10"/>
    <i2c_write addr="0x50" count="2" radix="16">55 55</i2c_write>
    <sleep ms="10"/>
    <i2c_write addr="0x50" count="2" radix="16">56 56</i2c_write>
    <sleep ms="10"/>
    <i2c_write addr="0x50" count="2" radix="16">57 57</i2c_write>
    <sleep ms="10"/>
    <i2c_write addr="0x50" count="2" radix="16">58 58</i2c_write>
    <sleep ms="10"/>
    <i2c_write addr="0x50" count="2" radix="16">59 59</i2c_write>
    <sleep ms="10"/>
    <i2c_write addr="0x50" count="2" radix="16">5A 5A</i2c_write>
    <sleep ms="10"/>
    <i2c_write addr="0x50" count="2" radix="16">5B 5B</i2c_write>
    <sleep ms="10"/>
    <i2c_write addr="0x50" count="2" radix="16">5C 5C</i2c_write>
    <sleep ms="10"/>
    <i2c_write addr="0x50" count="2" radix="16">5D 5D</i2c_write>
    <sleep ms="10"/>
    <i2c_write addr="0x50" count="2" radix="16">5E 5E</i2c_write>
    <sleep ms="10"/>
    <i2c_write addr="0x50" count="2" radix="16">5F 5F</i2c_write>
    <sleep ms="10"/>
    <i2c_write addr="0x50" count="2" radix="16">60 60</i2c_write>
    <sleep ms="10"/>
    <i2c_write addr="0x50" count="2" radix="16">61 61</i2c_write>
    <sleep ms="10"/>
    <i2c_write addr="0x50" count="2" radix="16">62 62</i2c_write>
    <sleep ms="10"/>
    <i2c_write addr="0x50" count="2" radix="16">63 63</i2c_write>
    <sleep ms="10"/>
    <i2c_write addr="0x50" count="2" radix="16">64 64</i2c_write>
    <sleep ms="10"/>
    <i2c_write addr="0x50" count="2" radix="16">65 65</i2c_write>
    <sleep ms="10"/>
    <i2c_write addr="0x50" count="2" radix="16">66 66</i2c_write>
    <sleep ms="10"/>
    <i2c_write addr="0x50" count="2" radix="16">67 67</i2c_write>
    <sleep ms="10"/>
    <i2c_write addr="0x50" count="2" radix="16">68 68</i2c_write>
    <sleep ms="10"/>
    <i2c_write addr="0x50" count="2" radix="16">69 69</i2c_write>
    <sleep ms="10"/>
    <i2c_write addr="0x50" count="2" radix="16">6A 6A</i2c_write>
    <sleep ms="10"/>
    <i2c_write addr="0x50" count="2" radix="16">6B 6B</i2c_write>
    <sleep ms="10"/>
    <i2c_write addr="0x50" count="2" radix="16">6C 6C</i2c_write>
    <sleep ms="10"/>
    <i2c_write addr="0x50" count="2" radix="16">6D 6D</i2c_write>
    <sleep ms="10"/>
    <i2c_write addr="0x50" count="2" radix="16">6E 6E</i2c_write>
    <sleep ms="10"/>
    <i2c_write addr="0x50" count="2" radix="16">6F 6F</i2c_write>
    <sleep ms="10"/>
    <i2c_write addr="0x50" count="2" radix="16">70 70</i2c_write>
    <sleep ms="10"/>
    <i2c_write addr="0x50" count="2" radix="16">71 71</i2c_write>
    <sleep ms="10"/>
    <i2c_write addr="0x50" count="2" radix="16">72 72</i2c_write>
    <sleep ms="10"/>
    <i2c_write addr="0x50" count="2" radix="16">73 73</i2c_write>
    <sleep ms="10"/>
    <i2c_write addr="0x50" count="2" radix="16">74 74</i2c_write>
    <sleep ms="10"/>
    <i2c_write addr="0x50" count="2" radix="16">75 75</i2c_write>
    <sleep ms="10"/>
    <i2c_write addr="0x50" count="2" radix="16">76 76</i2c_write>
    <sleep ms="10"/>
    <i2c_write addr="0x50" count="2" radix="16">77 77</i2c_write>
    <sleep ms="10"/>
    <i2c_write addr="0x50" count="2" radix="16">78 78</i2c_write>
    <sleep ms="10"/>
    <i2c_write addr="0x50" count="2" radix="16">79 79</i2c_write>
    <sleep ms="10"/>
    <i2c_write addr="0x50" count="2" radix="16">7A 7A</i2c_write>
    <sleep ms="10"/>
    <i2c_write addr="0x50" count="2" radix="16">7B 7B</i2c_write>
    <sleep ms="10"/>
    <i2c_write addr="0x50" count="2" radix="16">7C 7C</i2c_write>
    <sleep ms="10"/>
    <i2c_write addr="0x50" count="2" radix="16">7D 7D</i2c_write>
    <sleep ms="10"/>
    <i2c_write addr="0x50" count="2" radix="16">7E 7E</i2c_write>
    <sleep ms="10"/>
    <i2c_write addr="0x50" count="2" radix="16">7F 7F</i2c_write>
    <sleep ms="10"/>
    <i2c_write addr="0x50" count="2" radix="16">80 80</i2c_write>
    <sleep ms="10"/>
    <i2c_write addr="0x50" count="2" radix="16">81 81</i2c_write>
    <sleep ms="10"/>
    <i2c_write addr="0x50" count="2" radix="16">82 82</i2c_write>
    <sleep ms="10"/>
    <i2c_write addr="0x50" count="2" radix="16">83 83</i2c_write>
    <sleep ms="10"/>
    <i2c_write addr="0x50" count="2" radix="16">84 84</i2c_write>
    <sleep ms="10"/>
    <i2c_write addr="0x50" count="2" radix="16">85 85</i2c_write>
    <sleep ms="10"/>
    <i2c_write addr="0x50" count="2" radix="16">86 86</i2c_write>
    <sleep ms="10"/>
    <i2c_write addr="0x50" count="2" radix="16">87 87</i2c_write>
    <sleep ms="10"/>
    <i2c_write addr="0x50" count="2" radix="16">88 88</i2c_write>
    <sleep ms="10"/>
    <i2c_write addr="0x50" count="2" radix="16">89 89</i2c_write>
    <sleep ms="10"/>
    <i2c_write addr="0x50" count="2" radix="16">8A 8A</i2c_write>
    <sleep ms="10"/>
    <i2c_write addr="0x50" count="2" radix="16">8B 8B</i2c_write>
    <sleep ms="10"/>
    <i2c_write addr="0x50" count="2" radix="16">8C 8C</i2c_write>
    <sleep ms="10"/>
    <i2c_write addr="0x50" count="2" radix="16">8D 8D</i2c_write>
    <sleep ms="10"/>
    <i2c_write addr="0x50" count="2" radix="16">8E 8E</i2c_write>
    <sleep ms="10"/>
    <i2c_write addr="0x50" count="2" radix="16">8F 8F</i2c_write>
    <sleep ms="10"/>
    <i2c_write addr="0x50" count="2" radix="16">90 90</i2c_write>
    <sleep ms="10"/>
    <i2c_write addr="0x50" count="2" radix="16">91 91</i2c_write>
    <sleep ms="10"/>
    <i2c_write addr="0x50" count="2" radix="16">92 92</i2c_write>
    <sleep ms="10"/>
    <i2c_write addr="0x50" count="2" radix="16">93 93</i2c_write>
    <sleep ms="10"/>
    <i2c_write addr="0x50" count="2" radix="16">94 94</i2c_write>
    <sleep ms="10"/>
    <i2c_write addr="0x50" count="2" radix="16">95 95</i2c_write>
    <sleep ms="10"/>
    <i2c_write addr="0x50" count="2" radix="16">96 96</i2c_write>
    <sleep ms="10"/>
    <i2c_write addr="0x50" count="2" radix="16">97 97</i2c_write>
    <sleep ms="10"/>
    <i2c_write addr="0x50" count="2" radix="16">98 98</i2c_write>
    <sleep ms="10"/>
    <i2c_write addr="0x50" count="2" radix="16">99 99</i2c_write>
    <sleep ms="10"/>
    <i2c_write addr="0x50" count="2" radix="16">9A 9A</i2c_write>
    <sleep ms="10"/>
    <i2c_write addr="0x50" count="2" radix="16">9B 9B</i2c_write>
    <sleep ms="10"/>
    <i2c_write addr="0x50" count="2" radix="16">9C 9C</i2c_write>
    <sleep ms="10"/>
    <i2c_write addr="0x50" count="2" radix="16">9D 9D</i2c_write>
    <sleep ms="10"/>
    <i2c_write addr="0x50" count="2" radix="16">9E 9E</i2c_write>
    <sleep ms="10"/>
    <i2c_write addr="0x50" count="2" radix="16">9F 9F</i2c_write>
    <sleep ms="10"/>
    <i2c_write addr="0x50" count="2" radix="16">A0 A0</i2c_write>
    <sleep ms="10"/>
    <i2c_write addr="0x50" count="2" radix="16">A1 A1</i2c_write>
    <sleep ms="10"/>
    <i2c_write addr="0x50" count="2" radix="16">A2 A2</i2c_write>
    <sleep ms="10"/>
    <i2c_write addr="0x50" count="2" radix="16">A3 A3</i2c_write>
    <sleep ms="10"/>
    <i2c_write addr="0x50" count="2" radix="16">A4 A4</i2c_write>
    <sleep ms="10"/>
    <i2c_write addr="0x50" count="2" radix="16">A5 A5</i2c_write>
    <sleep ms="10"/>
    <i2c_write addr="0x50" count="2" radix="16">A6 A6</i2c_write>
    <sleep ms="10"/>
    <i2c_write addr="0x50" count="2" radix="16">A7 A7</i2c_write>
    <sleep ms="10"/>
    <i2c_write addr="0x50" count="2" radix="16">A8 A8</i2c_write>
    <sleep ms="10"/>
    <i2c_write addr="0x50" count="2" radix="16">A9 A9</i2c_write>
    <sleep ms="10"/>
    <i2c_write addr="0x50" count="2" radix="16">AA AA</i2c_write>
    <sleep ms="10"/>
    <i2c_write addr="0x50" count="2" radix="16">AB AB</i2c_write>
    <sleep ms="10"/>
    <i2c_write addr="0x50" count="2" radix="16">AC AC</i2c_write>
    <sleep ms="10"/>
    <i2c_write addr="0x50" count="2" radix="16">AD AD</i2c_write>
    <sleep ms="10"/>
    <i2c_write addr="0x50" count="2" radix="16">AE AE</i2c_write>
    <sleep ms="10"/>
    <i2c_write addr="0x50" count="2" radix="16">AF AF</i2c_write>
    <sleep ms="10"/>
    <i2c_write addr="0x50" count="2" radix="16">B0 B0</i2c_write>
    <sleep ms="10"/>
    <i2c_write addr="0x50" count="2" radix="16">B1 B1</i2c_write>
    <sleep ms="10"/>
    <i2c_write addr="0x50" count="2" radix="16">B2 B2</i2c_write>
    <sleep ms="10"/>
    <i2c_write addr="0x50" count="2" radix="16">B3 B3</i2c_write>
    <sleep ms="10"/>
    <i2c_write addr="0x50" count="2" radix="16">B4 B4</i2c_write>
    <sleep ms="10"/>
    <i2c_write addr="0x50" count="2" radix="16">B5 B5</i2c_write>
    <sleep ms="10"/>
    <i2c_write addr="0x50" count="2" radix="16">B6 B6</i2c_write>
    <sleep ms="10"/>
    <i2c_write addr="0x50" count="2" radix="16">B7 B7</i2c_write>
    <sleep ms="10"/>
    <i2c_write addr="0x50" count="2" radix="16">B8 B8</i2c_write>
    <sleep ms="10"/>
    <i2c_write addr="0x50" count="2" radix="16">B9 B9</i2c_write>
    <sleep ms="10"/>
    <i2c_write addr="0x50" count="2" radix="16">BA BA</i2c_write>
    <sleep ms="10"/>
    <i2c_write addr="0x50" count="2" radix="16">BB BB</i2c_write>
    <sleep ms="10"/>
    <i2c_write addr="0x50" count="2" radix="16">BC BC</i2c_write>
    <sleep ms="10"/>
    <i2c_write addr="0x50" count="2" radix="16">BD BD</i2c_write>
    <sleep ms="10"/>
    <i2c_write addr="0x50" count="2" radix="16">BE BE</i2c_write>
    <sleep ms="10"/>
    <i2c_write addr="0x50" count="2" radix="16">BF BF</i2c_write>
    <sleep ms="10"/>
    <i2c_write addr="0x50" count="2" radix="16">C0 C0</i2c_write>
    <sleep ms="10"/>
    <i2c_write addr="0x50" count="2" radix="16">C1 C1</i2c_write>
    <sleep ms="10"/>
    <i2c_write addr="0x50" count="2" radix="16">C2 C2</i2c_write>
    <sleep ms="10"/>
    <i2c_write addr="0x50" count="2" radix="16">C3 C3</i2c_write>
    <sleep ms="10"/>
    <i2c_write addr="0x50" count="2" radix="16">C4 C4</i2c_write>
    <sleep ms="10"/>
    <i2c_write addr="0x50" count="2" radix="16">C5 C5</i2c_write>
    <sleep ms="10"/>
    <i2c_write addr="0x50" count="2" radix="16">C6 C6</i2c_write>
    <sleep ms="10"/>
    <i2c_write addr="0x50" count="2" radix="16">C7 C7</i2c_write>
    <sleep ms="10"/>
    <i2c_write addr="0x50" count="2" radix="16">C8 C8</i2c_write>
    <sleep ms="10"/>
    <i2c_write addr="0x50" count="2" radix="16">C9 C9</i2c_write>
    <sleep ms="10"/>
    <i2c_write addr="0x50" count="2" radix="16">CA CA</i2c_write>
    <sleep ms="10"/>
    <i2c_write addr="0x50" count="2" radix="16">CB CB</i2c_write>
    <sleep ms="10"/>
    <i2c_write addr="0x50" count="2" radix="16">CC CC</i2c_write>
    <sleep ms="10"/>
    <i2c_write addr="0x50" count="2" radix="16">CD CD</i2c_write>
    <sleep ms="10"/>
    <i2c_write addr="0x50" count="2" radix="16">CE CE</i2c_write>
    <sleep ms="10"/>
    <i2c_write addr="0x50" count="2" radix="16">CF CF</i2c_write>
    <sleep ms="10"/>
    <i2c_write addr="0x50" count="2" radix="16">D0 D0</i2c_write>
    <sleep ms="10"/>
    <i2c_write addr="0x50" count="2" radix="16">D1 D1</i2c_write>
    <sleep ms="10"/>
    <i2c_write addr="0x50" count="2" radix="16">D2 D2</i2c_write>
    <sleep ms="10"/>
    <i2c_write addr="0x50" count="2" radix="16">D3 D3</i2c_write>
    <sleep ms="10"/>
    <i2c_write addr="0x50" count="2" radix="16">D4 D4</i2c_write>
    <sleep ms="10"/>
    <i2c_write addr="0x50" count="2" radix="16">D5 D5</i2c_write>
    <sleep ms="10"/>
    <i2c_write addr="0x50" count="2" radix="16">D6 D6</i2c_write>
    <sleep ms="10"/>
    <i2c_write addr="0x50" count="2" radix="16">D7 D7</i2c_write>
    <sleep ms="10"/>
    <i2c_write addr="0x50" count="2" radix="16">D8 D8</i2c_write>
    <sleep ms="10"/>
    <i2c_write addr="0x50" count="2" radix="16">D9 D9</i2c_write>
    <sleep ms="10"/>
    <i2c_write addr="0x50" count="2" radix="16">DA DA</i2c_write>
    <sleep ms="10"/>
    <i2c_write addr="0x50" count="2" radix="16">DB DB</i2c_write>
    <sleep ms="10"/>
    <i2c_write addr="0x50" count="2" radix="16">DC DC</i2c_write>
    <sleep ms="10"/>
    <i2c_write addr="0x50" count="2" radix="16">DD DD</i2c_write>
    <sleep ms="10"/>
    <i2c_write addr="0x50" count="2" radix="16">DE DE</i2c_write>
    <sleep ms="10"/>
    <i2c_write addr="0x50" count="2" radix="16">DF DF</i2c_write>
    <sleep ms="10"/>
    <i2c_write addr="0x50" count="2" radix="16">E0 E0</i2c_write>
    <sleep ms="10"/>
    <i2c_write addr="0x50" count="2" radix="16">E1 E1</i2c_write>
    <sleep ms="10"/>
    <i2c_write addr="0x50" count="2" radix="16">E2 E2</i2c_write>
    <sleep ms="10"/>
    <i2c_write addr="0x50" count="2" radix="16">E3 E3</i2c_write>
    <sleep ms="10"/>
    <i2c_write addr="0x50" count="2" radix="16">E4 E4</i2c_write>
    <sleep ms="10"/>
    <i2c_write addr="0x50" count="2" radix="16">E5 E5</i2c_write>
    <sleep ms="10"/>
    <i2c_write addr="0x50" count="2" radix="16">E6 E6</i2c_write>
    <sleep ms="10"/>
    <i2c_write addr="0x50" count="2" radix="16">E7 E7</i2c_write>
    <sleep ms="10"/>
    <i2c_write addr="0x50" count="2" radix="16">E8 E8</i2c_write>
    <sleep ms="10"/>
    <i2c_write addr="0x50" count="2" radix="16">E9 E9</i2c_write>
    <sleep ms="10"/>
    <i2c_write addr="0x50" count="2" radix="16">EA EA</i2c_write>
    <sleep ms="10"/>
    <i2c_write addr="0x50" count="2" radix="16">EB EB</i2c_write>
    <sleep ms="10"/>
    <i2c_write addr="0x50" count="2" radix="16">EC EC</i2c_write>
    <sleep ms="10"/>
    <i2c_write addr="0x50" count="2" radix="16">ED ED</i2c_write>
    <sleep ms="10"/>
    <i2c_write addr="0x50" count="2" radix="16">EE EE</i2c_write>
    <sleep ms="10"/>
    <i2c_write addr="0x50" count="2" radix="16">EF EF</i2c_write>
    <sleep ms="10"/>
    <i2c_write addr="0x50" count="2" radix="16">F0 F0</i2c_write>
    <sleep ms="10"/>
    <i2c_write addr="0x50" count="2" radix="16">F1 F1</i2c_write>
    <sleep ms="10"/>
    <i2c_write addr="0x50" count="2" radix="16">F2 F2</i2c_write>
    <sleep ms="10"/>
    <i2c_write addr="0x50" count="2" radix="16">F3 F3</i2c_write>
    <sleep ms="10"/>
    <i2c_write addr="0x50" count="2" radix="16">F4 F4</i2c_write>
    <sleep ms="10"/>
    <i2c_write addr="0x50" count="2" radix="16">F5 F5</i2c_write>
    <sleep ms="10"/>
    <i2c_write addr="0x50" count="2" radix="16">F6 F6</i2c_write>
    <sleep ms="10"/>
    <i2c_write addr="0x50" count="2" radix="16">F7 F7</i2c_write>
    <sleep ms="10"/>
    <i2c_write addr="0x50" count="2" radix="16">F8 F8</i2c_write>
    <sleep ms="10"/>
    <i2c_write addr="0x50" count="2" radix="16">F9 F9</i2c_write>
    <sleep ms="10"/>
    <i2c_write addr="0x50" count="2" radix="16">FA FA</i2c_write>
    <sleep ms="10"/>
    <i2c_write addr="0x50" count="2" radix="16">FB FB</i2c_write>
    <sleep ms="10"/>
    <i2c_write addr="0x50" count="2" radix="16">FC FC</i2c_write>
    <sleep ms="10"/>
    <i2c_write addr="0x50" count="2" radix="16">FD FD</i2c_write>
    <sleep ms="10"/>
    <i2c_write addr="0x50" count="2" radix="16">FE FE</i2c_write>
    <sleep ms="10"/>
    <i2c_write addr="0x50" count="2" radix="16">FF FF</i2c_write>
    <sleep ms="10"/>
</adapter>
