<adapter>
    <configure i2c="1" spi="1" gpio="0" tpower="1" pullups="1"/>
    <i2c_bitrate khz="100"/>
    <i2c_write addr="0x38" count="0" radix="16"></i2c_write>
    <i2c_write addr="0x38" count="2" radix="16">03 00</i2c_write>
    <i2c_write addr="0x38" count="2" radix="16">01 fe</i2c_write>
    <sleep ms="70"/>
    <i2c_write addr="0x38" count="2" radix="16">01 fc</i2c_write>
    <sleep ms="70"/>
    <i2c_write addr="0x38" count="2" radix="16">01 f8</i2c_write>
    <sleep ms="70"/>
    <i2c_write addr="0x38" count="2" radix="16">01 f0</i2c_write>
    <sleep ms="70"/>
    <i2c_write addr="0x38" count="2" radix="16">01 e0</i2c_write>
    <sleep ms="70"/>
    <i2c_write addr="0x38" count="2" radix="16">01 c0</i2c_write>
    <sleep ms="70"/>
    <i2c_write addr="0x38" count="2" radix="16">01 80</i2c_write>
    <sleep ms="70"/>
    <i2c_write addr="0x38" count="2" radix="16">01 00</i2c_write>
    <sleep ms="170"/>
    <i2c_write addr="0x38" count="2" radix="16">01 01</i2c_write>
    <sleep ms="70"/>
    <i2c_write addr="0x38" count="2" radix="16">01 03</i2c_write>
    <sleep ms="70"/>
    <i2c_write addr="0x38" count="2" radix="16">01 07</i2c_write>
    <sleep ms="70"/>
    <i2c_write addr="0x38" count="2" radix="16">01 0f</i2c_write>
    <sleep ms="70"/>
    <i2c_write addr="0x38" count="2" radix="16">01 1f</i2c_write>
    <sleep ms="70"/>
    <i2c_write addr="0x38" count="2" radix="16">01 3f</i2c_write>
    <sleep ms="70"/>
    <i2c_write addr="0x38" count="2" radix="16">01 7f</i2c_write>
    <sleep ms="70"/>
    <i2c_write addr="0x38" count="2" radix="16">01 ff</i2c_write>
    <sleep ms="170"/>
    <i2c_write addr="0x38" count="2" radix="16">03 ff</i2c_write>
</adapter>
